Популярные страницы,Kлики,Показы,CTR,Позиция
https://docs.dbn.co.ua/10170_1583178496468.html,43,255,16.86%,6.67
https://docs.dbn.co.ua/10169_1583178496467.html,42,155,27.1%,7.17
https://docs.dbn.co.ua/7511_1583178495477.html,39,282,13.83%,5.25
https://docs.dbn.co.ua/10280_1583178496506.html,34,361,9.42%,7.46
https://docs.dbn.co.ua/9035_1583178496084.html,29,276,10.51%,5.99
https://docs.dbn.co.ua/9826_1583178496352.html,26,171,15.2%,5.96
https://docs.dbn.co.ua/1733_1583178493333.html,26,144,18.06%,6.85
https://docs.dbn.co.ua/9240_1583178496154.html,26,97,26.8%,6.42
https://docs.dbn.co.ua/9034_1583178496084.html,24,162,14.81%,5.73
https://docs.dbn.co.ua/10172_1583178496468.html,22,108,20.37%,3.62
https://docs.dbn.co.ua/3739_1583178494059.html,21,96,21.88%,3.65
https://docs.dbn.co.ua/6100_1583178494950.html,20,124,16.13%,4.84
https://docs.dbn.co.ua/1748_1583178493343.html,19,134,14.18%,7.17
https://docs.dbn.co.ua/49_1583178492500.html,19,116,16.38%,7.25
https://docs.dbn.co.ua/3825_1583178494087.html,19,83,22.89%,5.93
https://docs.dbn.co.ua/6682_1583178495151.html,18,228,7.89%,9.71
https://docs.dbn.co.ua/5270_1583178494657.html,18,88,20.45%,10.95
https://docs.dbn.co.ua/10171_1583178496468.html,18,80,22.5%,4.55
https://docs.dbn.co.ua/3468_1583178493970.html,18,65,27.69%,7.4
https://docs.dbn.co.ua/6054_1583178494933.html,16,138,11.59%,7.29
https://docs.dbn.co.ua/9125_1583178496114.html,16,130,12.31%,8.49
https://docs.dbn.co.ua/7496_1583178495466.html,16,90,17.78%,5.71
https://docs.dbn.co.ua/6687_1583178495153.html,15,429,3.5%,7.89
https://docs.dbn.co.ua/6525_1583178495096.html,15,146,10.27%,9.01
https://docs.dbn.co.ua/8460_1583178495877.html,15,140,10.71%,7.62
https://docs.dbn.co.ua/3909_1583178494116.html,14,108,12.96%,4.98
https://docs.dbn.co.ua/8220_1583178495793.html,14,92,15.22%,8.25
https://docs.dbn.co.ua/3604_1583178494014.html,14,78,17.95%,7.77
https://docs.dbn.co.ua/1767_1583178493360.html,14,59,23.73%,8.8
https://docs.dbn.co.ua/7356_1583178495409.html,13,317,4.1%,6.46
https://docs.dbn.co.ua/4515_1583178494343.html,13,170,7.65%,10.38
https://docs.dbn.co.ua/1445_1583178493133.html,13,150,8.67%,7.19
https://docs.dbn.co.ua/5744_1583178494823.html,13,113,11.5%,5.43
https://docs.dbn.co.ua/5751_1583178494826.html,13,82,15.85%,5.98
https://docs.dbn.co.ua/3646_1583178494027.html,12,258,4.65%,8.75
https://docs.dbn.co.ua/1173_1583178493008.html,12,225,5.33%,8.51
https://docs.dbn.co.ua/4044_1583178494165.html,12,93,12.9%,6.78
https://docs.dbn.co.ua/7344_1583178495405.html,12,84,14.29%,9.95
https://docs.dbn.co.ua/3549_1583178493996.html,12,55,21.82%,12.45
https://docs.dbn.co.ua/5157_1583178494615.html,12,53,22.64%,9.42
https://docs.dbn.co.ua/3479_1583178493973.html,11,175,6.29%,7.89
https://docs.dbn.co.ua/3360_1583178493933.html,11,92,11.96%,6.58
https://docs.dbn.co.ua/4513_1583178494342.html,11,75,14.67%,18.15
https://docs.dbn.co.ua/7518_1583178495479.html,11,72,15.28%,7.86
https://docs.dbn.co.ua/10283_1583178496508.html,11,70,15.71%,8
https://docs.dbn.co.ua/6235_1583178494996.html,11,56,19.64%,5.61
https://docs.dbn.co.ua/10278_1583178496506.html,11,52,21.15%,8.92
https://docs.dbn.co.ua/3171_1583178493871.html,11,32,34.38%,7.09
https://docs.dbn.co.ua/3358_1583178493932.html,10,201,4.98%,5.5
https://docs.dbn.co.ua/7500_1583178495469.html,10,190,5.26%,8.27
https://docs.dbn.co.ua/7272_1583178495382.html,10,183,5.46%,6.94
https://docs.dbn.co.ua/3396_1583178493946.html,10,111,9.01%,8.78
https://docs.dbn.co.ua/7927_1583178495689.html,10,86,11.63%,8.93
https://docs.dbn.co.ua/4609_1583178494375.html,10,81,12.35%,6.51
https://docs.dbn.co.ua/8214_1583178495790.html,10,69,14.49%,6.42
https://docs.dbn.co.ua/9821_1583178496350.html,10,47,21.28%,4.91
https://docs.dbn.co.ua/10270_1583178496503.html,10,43,23.26%,4.79
https://docs.dbn.co.ua/5466_1583178494726.html,10,42,23.81%,5.48
https://docs.dbn.co.ua/4043_1583178494165.html,10,39,25.64%,8.26
https://docs.dbn.co.ua/1760_1583178493357.html,9,440,2.05%,8.07
https://docs.dbn.co.ua/1448_1583178493134.html,9,96,9.38%,5.67
https://docs.dbn.co.ua/8576_1583178495925.html,9,88,10.23%,6.31
https://docs.dbn.co.ua/3674_1583178494036.html,9,77,11.69%,6.58
https://docs.dbn.co.ua/7973_1583178495706.html,9,69,13.04%,10.04
https://docs.dbn.co.ua/849_1583178492868.html,9,67,13.43%,8.18
https://docs.dbn.co.ua/4870_1583178494504.html,9,66,13.64%,6.95
https://docs.dbn.co.ua/9388_1583178496203.html,9,53,16.98%,7.81
https://docs.dbn.co.ua/7990_1583178495712.html,9,34,26.47%,8.62
https://docs.dbn.co.ua/5695_1583178494806.html,9,28,32.14%,9.82
https://docs.dbn.co.ua/7452_1583178495446.html,9,18,50%,7.17
https://docs.dbn.co.ua/8590_1583178495929.html,8,205,3.9%,11.16
https://docs.dbn.co.ua/3317_1583178493919.html,8,177,4.52%,8.21
https://docs.dbn.co.ua/3607_1583178494015.html,8,157,5.1%,7.52
https://docs.dbn.co.ua/6563_1583178495110.html,8,122,6.56%,8.15
https://docs.dbn.co.ua/5265_1583178494655.html,8,96,8.33%,5.02
https://docs.dbn.co.ua/3516_1583178493985.html,8,76,10.53%,6.09
https://docs.dbn.co.ua/3793_1583178494077.html,8,62,12.9%,6.92
https://docs.dbn.co.ua/8209_1583178495789.html,8,62,12.9%,8.13
https://docs.dbn.co.ua/3634_1583178494023.html,8,59,13.56%,4.78
https://docs.dbn.co.ua/6380_1583178495046.html,8,58,13.79%,14.41
https://docs.dbn.co.ua/5615_1583178494778.html,8,33,24.24%,8.67
https://docs.dbn.co.ua/3908_1583178494115.html,7,269,2.6%,8.36
https://docs.dbn.co.ua/7979_1583178495708.html,7,192,3.65%,9.45
https://docs.dbn.co.ua/3657_1583178494031.html,7,148,4.73%,6.97
https://docs.dbn.co.ua/3483_1583178493975.html,7,147,4.76%,9.12
https://docs.dbn.co.ua/6483_1583178495080.html,7,116,6.03%,6.27
https://docs.dbn.co.ua/8579_1583178495926.html,7,93,7.53%,7.08
https://docs.dbn.co.ua/3676_1583178494037.html,7,74,9.46%,14.14
https://docs.dbn.co.ua/8378_1583178495847.html,7,66,10.61%,5.95
https://docs.dbn.co.ua/10264_1583178496501.html,7,59,11.86%,16.92
https://docs.dbn.co.ua/8489_1583178495888.html,7,52,13.46%,6.1
https://docs.dbn.co.ua/8596_1583178495931.html,7,43,16.28%,11.26
https://docs.dbn.co.ua/5718_1583178494814.html,7,40,17.5%,5.5
https://docs.dbn.co.ua/7044_1583178495292.html,7,39,17.95%,7.67
https://docs.dbn.co.ua/8498_1583178495891.html,7,28,25%,4.36
https://docs.dbn.co.ua/5646_1583178494789.html,6,202,2.97%,7.92
https://docs.dbn.co.ua/3707_1583178494048.html,6,199,3.02%,7.91
https://docs.dbn.co.ua/7275_1583178495382.html,6,137,4.38%,6.61
https://docs.dbn.co.ua/4018_1583178494154.html,6,99,6.06%,6.55
https://docs.dbn.co.ua/7270_1583178495381.html,6,79,7.59%,10.09
https://docs.dbn.co.ua/8965_1583178496060.html,6,76,7.89%,9.24
https://docs.dbn.co.ua/8385_1583178495850.html,6,58,10.34%,7.69
https://docs.dbn.co.ua/8792_1583178496000.html,6,52,11.54%,9.02
https://docs.dbn.co.ua/10266_1583178496502.html,6,46,13.04%,4
https://docs.dbn.co.ua/5985_1583178494910.html,6,41,14.63%,6.07
https://docs.dbn.co.ua/1587_1583178493213.html,6,35,17.14%,5.23
https://docs.dbn.co.ua/152_1583178492548.html,6,33,18.18%,7
https://docs.dbn.co.ua/4313_1583178494274.html,6,31,19.35%,5.94
https://docs.dbn.co.ua/1446_1583178493133.html,6,29,20.69%,5.03
https://docs.dbn.co.ua/1186_1583178493014.html,6,24,25%,22.42
https://docs.dbn.co.ua/3641_1583178494026.html,6,20,30%,8.25
https://docs.dbn.co.ua/1762_1583178493358.html,6,14,42.86%,4.07
https://docs.dbn.co.ua/5728_1583178494817.html,5,202,2.48%,6.03
https://docs.dbn.co.ua/5819_1583178494849.html,5,193,2.59%,9.19
https://docs.dbn.co.ua/3778_1583178494071.html,5,159,3.14%,13.14
https://docs.dbn.co.ua/9097_1583178496105.html,5,146,3.42%,9.11
https://docs.dbn.co.ua/9917_1583178496383.html,5,127,3.94%,7.97
https://docs.dbn.co.ua/8216_1583178495791.html,5,101,4.95%,10.36
https://docs.dbn.co.ua/8125_1583178495761.html,5,99,5.05%,9.39
https://docs.dbn.co.ua/3474_1583178493971.html,5,97,5.15%,8.93
https://docs.dbn.co.ua/3357_1583178493932.html,5,91,5.49%,7.77
https://docs.dbn.co.ua/6272_1583178495008.html,5,83,6.02%,8.82
https://docs.dbn.co.ua/4384_1583178494299.html,5,71,7.04%,10.7
https://docs.dbn.co.ua/3359_1583178493933.html,5,70,7.14%,8.31
https://docs.dbn.co.ua/6273_1583178495009.html,5,67,7.46%,7.82
https://docs.dbn.co.ua/3697_1583178494044.html,5,59,8.47%,7.51
https://docs.dbn.co.ua/8937_1583178496051.html,5,56,8.93%,9.21
https://docs.dbn.co.ua/8389_1583178495852.html,5,55,9.09%,7.11
https://docs.dbn.co.ua/4056_1583178494169.html,5,48,10.42%,22.56
https://docs.dbn.co.ua/5658_1583178494793.html,5,43,11.63%,4.86
https://docs.dbn.co.ua/3918_1583178494119.html,5,39,12.82%,8.51
https://docs.dbn.co.ua/3647_1583178494028.html,5,36,13.89%,6.78
https://docs.dbn.co.ua/3576_1583178494004.html,5,32,15.62%,5.94
https://docs.dbn.co.ua/3815_1583178494084.html,5,29,17.24%,8
https://docs.dbn.co.ua/9019_1583178496079.html,5,27,18.52%,3.63
https://docs.dbn.co.ua/5087_1583178494587.html,5,27,18.52%,6.44
https://docs.dbn.co.ua/5280_1583178494662.html,5,25,20%,6.64
https://docs.dbn.co.ua/3897_1583178494112.html,5,23,21.74%,4.22
https://docs.dbn.co.ua/5060_1583178494575.html,5,22,22.73%,3.32
https://docs.dbn.co.ua/10276_1583178496505.html,5,17,29.41%,6.71
https://docs.dbn.co.ua/3883_1583178494107.html,4,483,0.83%,7.9
https://docs.dbn.co.ua/7595_1583178495521.html,4,121,3.31%,8.68
https://docs.dbn.co.ua/10166_1583178496466.html,4,110,3.64%,7.39
https://docs.dbn.co.ua/7471_1583178495454.html,4,106,3.77%,8.26
https://docs.dbn.co.ua/7807_1583178495636.html,4,99,4.04%,7.83
https://docs.dbn.co.ua/10279_1583178496506.html,4,81,4.94%,5.88
https://docs.dbn.co.ua/1850_1583178493397.html,4,74,5.41%,10.42
https://docs.dbn.co.ua/6821_1583178495200.html,4,71,5.63%,8.86
https://docs.dbn.co.ua/6936_1583178495247.html,4,69,5.8%,8.9
https://docs.dbn.co.ua/6581_1583178495116.html,4,58,6.9%,10.28
https://docs.dbn.co.ua/3633_1583178494023.html,4,52,7.69%,6.17
https://docs.dbn.co.ua/7946_1583178495696.html,4,52,7.69%,6.31
https://docs.dbn.co.ua/48_1583178492500.html,4,52,7.69%,6.75
https://docs.dbn.co.ua/7934_1583178495692.html,4,45,8.89%,7.73
https://docs.dbn.co.ua/3598_1583178494012.html,4,43,9.3%,9.56
https://docs.dbn.co.ua/10282_1583178496507.html,4,41,9.76%,6.56
https://docs.dbn.co.ua/3820_1583178494085.html,4,37,10.81%,8.08
https://docs.dbn.co.ua/8971_1583178496062.html,4,35,11.43%,8.97
https://docs.dbn.co.ua/7055_1583178495296.html,4,33,12.12%,6.88
https://docs.dbn.co.ua/5729_1583178494817.html,4,33,12.12%,7
https://docs.dbn.co.ua/8963_1583178496059.html,4,27,14.81%,5.67
https://docs.dbn.co.ua/3599_1583178494012.html,4,27,14.81%,8.33
https://docs.dbn.co.ua/8021_1583178495723.html,4,24,16.67%,8.71
https://docs.dbn.co.ua/5546_1583178494753.html,4,22,18.18%,7.27
https://docs.dbn.co.ua/5925_1583178494887.html,4,20,20%,3.3
https://docs.dbn.co.ua/3770_1583178494068.html,4,15,26.67%,9.87
https://docs.dbn.co.ua/8582_1583178495927.html,4,12,33.33%,6.92
https://docs.dbn.co.ua/824_1583178492859.html,3,189,1.59%,8.6
https://docs.dbn.co.ua/6796_1583178495190.html,3,185,1.62%,8.57
https://docs.dbn.co.ua/7281_1583178495384.html,3,177,1.69%,19.67
https://docs.dbn.co.ua/3894_1583178494111.html,3,164,1.83%,8.02
https://docs.dbn.co.ua/1028_1583178492945.html,3,127,2.36%,8.14
https://docs.dbn.co.ua/10024_1583178496418.html,3,119,2.52%,25.08
https://docs.dbn.co.ua/3630_1583178494022.html,3,117,2.56%,8.93
https://docs.dbn.co.ua/3572_1583178494003.html,3,115,2.61%,11.1
https://docs.dbn.co.ua/3476_1583178493972.html,3,110,2.73%,9.15
https://docs.dbn.co.ua/3903_1583178494114.html,3,97,3.09%,7.53
https://docs.dbn.co.ua/9149_1583178496122.html,3,94,3.19%,9.83
https://docs.dbn.co.ua/8784_1583178495997.html,3,84,3.57%,9.43
https://docs.dbn.co.ua/7287_1583178495386.html,3,84,3.57%,25.35
https://docs.dbn.co.ua/6814_1583178495197.html,3,77,3.9%,4.48
https://docs.dbn.co.ua/8480_1583178495884.html,3,76,3.95%,7.37
https://docs.dbn.co.ua/5122_1583178494602.html,3,70,4.29%,6.14
https://docs.dbn.co.ua/9677_1583178496302.html,3,61,4.92%,7.1
https://docs.dbn.co.ua/6926_1583178495243.html,3,59,5.08%,7.58
https://docs.dbn.co.ua/7960_1583178495701.html,3,58,5.17%,6.59
https://docs.dbn.co.ua/3033_1583178493824.html,3,57,5.26%,7.98
https://docs.dbn.co.ua/3952_1583178494131.html,3,51,5.88%,10.75
https://docs.dbn.co.ua/5343_1583178494683.html,3,46,6.52%,8.52
https://docs.dbn.co.ua/7364_1583178495412.html,3,42,7.14%,10.83
https://docs.dbn.co.ua/5583_1583178494767.html,3,42,7.14%,12.07
https://docs.dbn.co.ua/5509_1583178494740.html,3,35,8.57%,8.71
https://docs.dbn.co.ua/9260_1583178496161.html,3,34,8.82%,7.62
https://docs.dbn.co.ua/5029_1583178494564.html,3,33,9.09%,10.67
https://docs.dbn.co.ua/3875_1583178494104.html,3,32,9.38%,3.84
https://docs.dbn.co.ua/3681_1583178494039.html,3,30,10%,4.6
https://docs.dbn.co.ua/9028_1583178496082.html,3,30,10%,7.5
https://docs.dbn.co.ua/7389_1583178495420.html,3,24,12.5%,18.67
https://docs.dbn.co.ua/3737_1583178494058.html,3,23,13.04%,5.52
https://docs.dbn.co.ua/1752_1583178493346.html,3,23,13.04%,14.78
https://docs.dbn.co.ua/7981_1583178495708.html,3,22,13.64%,7.36
https://docs.dbn.co.ua/5839_1583178494856.html,3,21,14.29%,3.81
https://docs.dbn.co.ua/354_1583178492666.html,3,20,15%,9.5
https://docs.dbn.co.ua/8521_1583178495904.html,3,19,15.79%,7.58
https://docs.dbn.co.ua/5806_1583178494845.html,3,18,16.67%,5.78
https://docs.dbn.co.ua/4810_1583178494482.html,3,18,16.67%,7.28
https://docs.dbn.co.ua/7276_1583178495383.html,3,17,17.65%,7.53
https://docs.dbn.co.ua/3032_1583178493823.html,3,17,17.65%,8.59
https://docs.dbn.co.ua/838_1583178492864.html,3,16,18.75%,8.19
https://docs.dbn.co.ua/8867_1583178496024.html,3,15,20%,5.33
https://docs.dbn.co.ua/5247_1583178494646.html,3,15,20%,11.13
https://docs.dbn.co.ua/3400_1583178493947.html,3,14,21.43%,4.57
https://docs.dbn.co.ua/3546_1583178493995.html,3,13,23.08%,5.31
https://docs.dbn.co.ua/7503_1583178495472.html,3,12,25%,4.42
https://docs.dbn.co.ua/7462_1583178495450.html,3,12,25%,5.75
https://docs.dbn.co.ua/7980_1583178495708.html,3,11,27.27%,8.55
https://docs.dbn.co.ua/1735_1583178493334.html,3,8,37.5%,7.25
https://docs.dbn.co.ua/6701_1583178495158.html,2,201,1%,17.07
https://docs.dbn.co.ua/3374_1583178493937.html,2,108,1.85%,10.31
https://docs.dbn.co.ua/79_1583178492514.html,2,97,2.06%,8.23
https://docs.dbn.co.ua/5750_1583178494825.html,2,83,2.41%,6.73
https://docs.dbn.co.ua/5321_1583178494676.html,2,82,2.44%,7.05
https://docs.dbn.co.ua/8212_1583178495790.html,2,68,2.94%,8.78
https://docs.dbn.co.ua/6873_1583178495220.html,2,67,2.99%,10.7
https://docs.dbn.co.ua/7593_1583178495521.html,2,64,3.12%,8.81
https://docs.dbn.co.ua/3640_1583178494025.html,2,51,3.92%,7.24
https://docs.dbn.co.ua/6986_1583178495270.html,2,49,4.08%,8.29
https://docs.dbn.co.ua/10292_1583178496511.html,2,43,4.65%,7.07
https://docs.dbn.co.ua/9088_1583178496102.html,2,40,5%,6.35
https://docs.dbn.co.ua/5569_1583178494762.html,2,39,5.13%,13.56
https://docs.dbn.co.ua/4337_1583178494282.html,2,35,5.71%,6.06
https://docs.dbn.co.ua/7042_1583178495291.html,2,33,6.06%,9.03
https://docs.dbn.co.ua/8000_1583178495715.html,2,32,6.25%,7.47
https://docs.dbn.co.ua/10267_1583178496502.html,2,31,6.45%,9.71
https://docs.dbn.co.ua/1756_1583178493350.html,2,31,6.45%,10
https://docs.dbn.co.ua/9353_1583178496192.html,2,29,6.9%,8.86
https://docs.dbn.co.ua/7941_1583178495695.html,2,29,6.9%,10.03
https://docs.dbn.co.ua/3350_1583178493930.html,2,27,7.41%,5.41
https://docs.dbn.co.ua/8866_1583178496024.html,2,24,8.33%,6.58
https://docs.dbn.co.ua/4042_1583178494163.html,2,22,9.09%,8.55
https://docs.dbn.co.ua/3890_1583178494110.html,2,20,10%,4.3
https://docs.dbn.co.ua/9369_1583178496197.html,2,20,10%,4.4
https://docs.dbn.co.ua/7929_1583178495690.html,2,20,10%,8.6
https://docs.dbn.co.ua/9027_1583178496081.html,2,20,10%,8.65
https://docs.dbn.co.ua/9287_1583178496170.html,2,20,10%,8.85
https://docs.dbn.co.ua/7680_1583178495585.html,2,19,10.53%,4.37
https://docs.dbn.co.ua/6321_1583178495026.html,2,19,10.53%,8.74
https://docs.dbn.co.ua/5273_1583178494659.html,2,19,10.53%,14.74
https://docs.dbn.co.ua/8217_1583178495792.html,2,17,11.76%,4.24
https://docs.dbn.co.ua/3625_1583178494020.html,2,17,11.76%,6.18
https://docs.dbn.co.ua/3393_1583178493945.html,2,16,12.5%,6.25
https://docs.dbn.co.ua/8595_1583178495931.html,2,16,12.5%,9.19
https://docs.dbn.co.ua/5696_1583178494807.html,2,16,12.5%,15.31
https://docs.dbn.co.ua/4118_1583178494193.html,2,15,13.33%,5
https://docs.dbn.co.ua/5408_1583178494705.html,2,13,15.38%,3.85
https://docs.dbn.co.ua/5457_1583178494722.html,2,13,15.38%,8
https://docs.dbn.co.ua/7514_1583178495478.html,2,13,15.38%,9.08
https://docs.dbn.co.ua/4218_1583178494235.html,2,12,16.67%,3.5
https://docs.dbn.co.ua/5958_1583178494900.html,2,12,16.67%,5.25
https://docs.dbn.co.ua/4385_1583178494299.html,2,11,18.18%,8.36
https://docs.dbn.co.ua/3750_1583178494062.html,2,11,18.18%,14.64
https://docs.dbn.co.ua/1526_1583178493178.html,2,10,20%,7.4
https://docs.dbn.co.ua/9322_1583178496182.html,2,10,20%,8.5
https://docs.dbn.co.ua/3431_1583178493958.html,2,9,22.22%,9.67
https://docs.dbn.co.ua/8508_1583178495895.html,2,8,25%,6
https://docs.dbn.co.ua/8383_1583178495849.html,2,7,28.57%,2.14
https://docs.dbn.co.ua/4275_1583178494260.html,2,7,28.57%,3.71
https://docs.dbn.co.ua/9965_1583178496399.html,2,6,33.33%,38.17
https://docs.dbn.co.ua/593_1583178492778.html,2,4,50%,5
https://docs.dbn.co.ua/8352_1583178495839.html,2,3,66.67%,2.67
https://docs.dbn.co.ua/8470_1583178495881.html,1,127,0.79%,8.03
https://docs.dbn.co.ua/3907_1583178494115.html,1,116,0.86%,6.61
https://docs.dbn.co.ua/6697_1583178495156.html,1,104,0.96%,15.44
https://docs.dbn.co.ua/8558_1583178495918.html,1,96,1.04%,9.04
https://docs.dbn.co.ua/6522_1583178495095.html,1,94,1.06%,8.7
https://docs.dbn.co.ua/7906_1583178495682.html,1,88,1.14%,6.26
https://docs.dbn.co.ua/3701_1583178494046.html,1,82,1.22%,8.28
https://docs.dbn.co.ua/7050_1583178495294.html,1,78,1.28%,8.06
https://docs.dbn.co.ua/5820_1583178494850.html,1,78,1.28%,9.49
https://docs.dbn.co.ua/3530_1583178493989.html,1,70,1.43%,6.21
https://docs.dbn.co.ua/8617_1583178495938.html,1,65,1.54%,6.71
https://docs.dbn.co.ua/4492_1583178494335.html,1,65,1.54%,8.4
https://docs.dbn.co.ua/5791_1583178494838.html,1,56,1.79%,4.86
https://docs.dbn.co.ua/6899_1583178495231.html,1,47,2.13%,7.36
https://docs.dbn.co.ua/7328_1583178495400.html,1,46,2.17%,8.87
https://docs.dbn.co.ua/7930_1583178495690.html,1,42,2.38%,7.29
https://docs.dbn.co.ua/6918_1583178495238.html,1,37,2.7%,9.08
https://docs.dbn.co.ua/3340_1583178493926.html,1,36,2.78%,5.67
https://docs.dbn.co.ua/7268_1583178495380.html,1,36,2.78%,8.42
https://docs.dbn.co.ua/904_1583178492888.html,1,36,2.78%,11.19
https://docs.dbn.co.ua/9106_1583178496108.html,1,35,2.86%,8.2
https://docs.dbn.co.ua/3962_1583178494134.html,1,33,3.03%,9.27
https://docs.dbn.co.ua/3392_1583178493944.html,1,33,3.03%,13.39
https://docs.dbn.co.ua/1182_1583178493012.html,1,32,3.12%,8.62
https://docs.dbn.co.ua/3347_1583178493929.html,1,32,3.12%,9.62
https://docs.dbn.co.ua/7222_1583178495364.html,1,31,3.23%,8.35
https://docs.dbn.co.ua/6622_1583178495131.html,1,28,3.57%,4.64
https://docs.dbn.co.ua/9118_1583178496112.html,1,27,3.7%,7.59
https://docs.dbn.co.ua/8637_1583178495945.html,1,25,4%,7.28
https://docs.dbn.co.ua/930_1583178492897.html,1,25,4%,8.56
https://docs.dbn.co.ua/6742_1583178495172.html,1,24,4.17%,8.42
https://docs.dbn.co.ua/7045_1583178495293.html,1,18,5.56%,7.61
https://docs.dbn.co.ua/7056_1583178495297.html,1,18,5.56%,33.17
https://docs.dbn.co.ua/6775_1583178495183.html,1,17,5.88%,10.53
https://docs.dbn.co.ua/6800_1583178495191.html,1,17,5.88%,12.47
https://docs.dbn.co.ua/4533_1583178494349.html,1,15,6.67%,4.4
https://docs.dbn.co.ua/4590_1583178494368.html,1,15,6.67%,5.4
https://docs.dbn.co.ua/4550_1583178494354.html,1,15,6.67%,7.07
https://docs.dbn.co.ua/8210_1583178495789.html,1,14,7.14%,6.5
https://docs.dbn.co.ua/6428_1583178495061.html,1,13,7.69%,6.77
https://docs.dbn.co.ua/6865_1583178495217.html,1,13,7.69%,7.23
https://docs.dbn.co.ua/8512_1583178495896.html,1,12,8.33%,6
https://docs.dbn.co.ua/4210_1583178494230.html,1,12,8.33%,7
https://docs.dbn.co.ua/3326_1583178493921.html,1,12,8.33%,17.33
https://docs.dbn.co.ua/5836_1583178494855.html,1,10,10%,7.9
https://docs.dbn.co.ua/3394_1583178493945.html,1,9,11.11%,6.56
https://docs.dbn.co.ua/631_1583178492792.html,1,9,11.11%,9.22
https://docs.dbn.co.ua/8780_1583178495996.html,1,8,12.5%,7.75
https://docs.dbn.co.ua/3091_1583178493843.html,1,6,16.67%,7.67
https://docs.dbn.co.ua/7967_1583178495704.html,1,5,20%,8.6
https://docs.dbn.co.ua/1769_1583178493361.html,1,4,25%,4.25
https://docs.dbn.co.ua/8501_1583178495892.html,1,4,25%,5.5
https://docs.dbn.co.ua/5004_1583178494555.html,1,4,25%,11.25
https://docs.dbn.co.ua/1333_1583178493082.html,1,4,25%,18.75
https://docs.dbn.co.ua/3738_1583178494059.html,1,2,50%,6
https://docs.dbn.co.ua/6844_1583178495210.html,1,2,50%,11.5
https://docs.dbn.co.ua/6767_1583178495181.html,0,121,0%,9.42
https://docs.dbn.co.ua/5843_1583178494857.html,0,92,0%,7.23
https://docs.dbn.co.ua/8023_1583178495724.html,0,87,0%,7.79
https://docs.dbn.co.ua/3655_1583178494030.html,0,84,0%,8.35
https://docs.dbn.co.ua/3355_1583178493931.html,0,84,0%,9.38
https://docs.dbn.co.ua/4295_1583178494267.html,0,68,0%,28.49
https://docs.dbn.co.ua/9926_1583178496386.html,0,55,0%,12.45
https://docs.dbn.co.ua/9169_1583178496129.html,0,49,0%,6.63
https://docs.dbn.co.ua/7497_1583178495467.html,0,44,0%,6.2
https://docs.dbn.co.ua/5272_1583178494658.html,0,37,0%,8.86
https://docs.dbn.co.ua/8205_1583178495787.html,0,36,0%,7.31
https://docs.dbn.co.ua/5285_1583178494663.html,0,31,0%,7.1
https://docs.dbn.co.ua/4944_1583178494532.html,0,31,0%,8.06
https://docs.dbn.co.ua/3508_1583178493983.html,0,26,0%,6.27
https://docs.dbn.co.ua/6892_1583178495227.html,0,26,0%,9.46
https://docs.dbn.co.ua/7021_1583178495285.html,0,22,0%,8.18
https://docs.dbn.co.ua/7273_1583178495382.html,0,21,0%,8.19
https://docs.dbn.co.ua/4632_1583178494386.html,0,21,0%,9.52
https://docs.dbn.co.ua/9150_1583178496123.html,0,19,0%,6.79
https://docs.dbn.co.ua/8003_1583178495716.html,0,18,0%,5.28
https://docs.dbn.co.ua/8606_1583178495934.html,0,18,0%,6.28
https://docs.dbn.co.ua/7971_1583178495705.html,0,18,0%,8.22
https://docs.dbn.co.ua/7692_1583178495591.html,0,18,0%,8.78
https://docs.dbn.co.ua/5527_1583178494747.html,0,18,0%,9.78
https://docs.dbn.co.ua/5431_1583178494713.html,0,18,0%,35.39
https://docs.dbn.co.ua/8381_1583178495848.html,0,17,0%,3.35
https://docs.dbn.co.ua/3763_1583178494066.html,0,15,0%,5.87
https://docs.dbn.co.ua/4514_1583178494343.html,0,15,0%,18.4
https://docs.dbn.co.ua/1034_1583178492947.html,0,13,0%,5.31
https://docs.dbn.co.ua/9025_1583178496081.html,0,13,0%,9.46
https://docs.dbn.co.ua/9174_1583178496131.html,0,12,0%,8.67
https://docs.dbn.co.ua/3892_1583178494110.html,0,12,0%,9.5
https://docs.dbn.co.ua/3880_1583178494106.html,0,11,0%,3.64
https://docs.dbn.co.ua/3506_1583178493982.html,0,11,0%,7.18
https://docs.dbn.co.ua/102_1583178492526.html,0,11,0%,8.09
https://docs.dbn.co.ua/8566_1583178495921.html,0,11,0%,9.09
https://docs.dbn.co.ua/4990_1583178494549.html,0,11,0%,11.18
https://docs.dbn.co.ua/5395_1583178494701.html,0,10,0%,3.8
https://docs.dbn.co.ua/4988_1583178494549.html,0,10,0%,9.6
https://docs.dbn.co.ua/3422_1583178493953.html,0,9,0%,6
https://docs.dbn.co.ua/1046_1583178492952.html,0,8,0%,4.62
https://docs.dbn.co.ua/6661_1583178495144.html,0,8,0%,8
https://docs.dbn.co.ua/142_1583178492544.html,0,8,0%,60.88
https://docs.dbn.co.ua/7003_1583178495279.html,0,7,0%,5.86
https://docs.dbn.co.ua/9153_1583178496124.html,0,7,0%,6.29
https://docs.dbn.co.ua/6893_1583178495228.html,0,7,0%,7.57
https://docs.dbn.co.ua/8519_1583178495902.html,0,7,0%,7.71
https://docs.dbn.co.ua/3665_1583178494034.html,0,7,0%,9
https://docs.dbn.co.ua/1098_1583178492974.html,0,7,0%,9.43
https://docs.dbn.co.ua/6889_1583178495227.html,0,7,0%,9.57
https://docs.dbn.co.ua/1221_1583178493033.html,0,6,0%,9.83
https://docs.dbn.co.ua/5294_1583178494666.html,0,5,0%,3.8
https://docs.dbn.co.ua/8029_1583178495726.html,0,5,0%,5.8
https://docs.dbn.co.ua/3577_1583178494005.html,0,5,0%,6.2
https://docs.dbn.co.ua/3505_1583178493982.html,0,5,0%,7.8
https://docs.dbn.co.ua/4913_1583178494519.html,0,5,0%,9.8
https://docs.dbn.co.ua/3741_1583178494060.html,0,5,0%,11.6
https://docs.dbn.co.ua/2886_1583178493776.html,0,4,0%,6
https://docs.dbn.co.ua/5840_1583178494856.html,0,4,0%,7.5
https://docs.dbn.co.ua/4016_1583178494154.html,0,4,0%,7.75
https://docs.dbn.co.ua/6919_1583178495238.html,0,4,0%,7.75
https://docs.dbn.co.ua/4899_1583178494514.html,0,4,0%,8
https://docs.dbn.co.ua/8795_1583178496001.html,0,4,0%,8.75
https://docs.dbn.co.ua/7958_1583178495700.html,0,4,0%,9.25
https://docs.dbn.co.ua/7949_1583178495697.html,0,4,0%,10
https://docs.dbn.co.ua/9090_1583178496103.html,0,4,0%,36.75
https://docs.dbn.co.ua/3745_1583178494061.html,0,3,0%,4.33
https://docs.dbn.co.ua/4307_1583178494272.html,0,3,0%,5.67
https://docs.dbn.co.ua/235_1583178492592.html,0,3,0%,6
https://docs.dbn.co.ua/3386_1583178493941.html,0,3,0%,9.67
https://docs.dbn.co.ua/7071_1583178495302.html,0,3,0%,9.67
https://docs.dbn.co.ua/7244_1583178495372.html,0,3,0%,11.67
https://docs.dbn.co.ua/1740_1583178493336.html,0,2,0%,4.5
https://docs.dbn.co.ua/8492_1583178495889.html,0,2,0%,4.5
https://docs.dbn.co.ua/5946_1583178494896.html,0,2,0%,5
https://docs.dbn.co.ua/6104_1583178494952.html,0,2,0%,6
https://docs.dbn.co.ua/1468_1583178493141.html,0,2,0%,6.5
https://docs.dbn.co.ua/3742_1583178494060.html,0,2,0%,7.5
https://docs.dbn.co.ua/9945_1583178496392.html,0,2,0%,8
https://docs.dbn.co.ua/115_1583178492532.html,0,2,0%,8.5
https://docs.dbn.co.ua/2276_1583178493574.html,0,2,0%,8.5
https://docs.dbn.co.ua/4733_1583178494453.html,0,2,0%,9
https://docs.dbn.co.ua/4052_1583178494168.html,0,2,0%,10
https://docs.dbn.co.ua/1939_1583178493438.html,0,2,0%,11
https://docs.dbn.co.ua/6807_1583178495194.html,0,2,0%,16
https://docs.dbn.co.ua/10379_1583178496540.html,0,1,0%,4
https://docs.dbn.co.ua/101_1583178492526.html,0,1,0%,6
https://docs.dbn.co.ua/4430_1583178494314.html,0,1,0%,6
https://docs.dbn.co.ua/6184_1583178494979.html,0,1,0%,6
https://docs.dbn.co.ua/7174_1583178495346.html,0,1,0%,6
https://docs.dbn.co.ua/8660_1583178495954.html,0,1,0%,6
https://docs.dbn.co.ua/6543_1583178495102.html,0,1,0%,8
https://docs.dbn.co.ua/7165_1583178495342.html,0,1,0%,9
https://docs.dbn.co.ua/7336_1583178495402.html,0,1,0%,9
https://docs.dbn.co.ua/8608_1583178495935.html,0,1,0%,9